{"cameraMode":{"drawMode":0,"name":"Shaded","section":"Shading Mode"},"sceneLighting":true,"audioPlay":false,"sceneViewState":{"showFog":true,"showMaterialUpdate":false,"showSkybox":true,"showFlares":true,"showImageEffects":true,"showParticleSystems":true},"in2DMode":false,"pivot":{"x":27.009441375732423,"y":47.79826354980469,"z":70.03680419921875},"rotation":{"x":0.013472476974129677,"y":0.9860787391662598,"z":-0.13123440742492677,"w":0.10123007744550705},"size":10.956541061401368,"orthographic":false}